,rouge1_fmeasure,rouge2_fmeasure,rougeL_fmeasure
count,2.0,2.0,2.0
mean,0.3504720406681191,0.12292206801891109,0.25344952795933184
std,0.06305934112542338,0.03062655572014331,0.025675627494064896
min,0.3058823529411765,0.10126582278481011,0.23529411764705882
25%,0.3281771968046478,0.1120939454018606,0.24437182280319536
50%,0.3504720406681191,0.12292206801891109,0.25344952795933184
75%,0.3727668845315904,0.13375019063596158,0.2625272331154684
max,0.3950617283950617,0.14457831325301207,0.2716049382716049
