,rouge1_fmeasure,rouge2_fmeasure,rougeL_fmeasure
count,100.0,100.0,100.0
mean,0.2706338568272865,0.056540784532804825,0.1763968646201288
std,0.09629231962033455,0.045127657096302606,0.05929311121191401
min,0.027397260273972605,0.0,0.027397260273972605
25%,0.201685393258427,0.021978021978021976,0.13530836063238855
50%,0.2751146788990826,0.05074018450976185,0.16823899371069184
75%,0.34449103528050895,0.09014300306435138,0.21428571428571427
max,0.5,0.19047619047619047,0.3692307692307692
